{"cameraMode":{"drawMode":0,"name":"Shaded","section":"Shading Mode"},"sceneLighting":false,"audioPlay":false,"sceneViewState":{"m_AlwaysRefresh":false,"showFog":true,"showSkybox":false,"showFlares":true,"showImageEffects":true,"showParticleSystems":true,"showVisualEffectGraphs":true,"m_FxEnabled":true},"in2DMode":false,"pivot":{"x":-10.381312370300293,"y":0.08998847007751465,"z":-4.454311847686768},"rotation":{"x":0.44760075211524966,"y":-0.5643605589866638,"z":0.45963791012763979,"w":0.5224564671516419},"size":5.941490650177002,"orthographic":true}